2025-07-08T14:43:32.039291,create_meeting_request,"Please provide more details about the pantry rules you're asking about. Are you referring to workplace break room etiquette, a food pantry, or something else?"
2025-07-08T14:43:32.692010,Final Answer,"The pantry rules typically include keeping the area clean, labeling and dating your food, consuming only your own items, and respecting shared spaces. If you meant something else, please provide more details."
2025-07-08T14:43:33.182010,Final Answer,"The pantry rules typically include keeping the area clean, labeling and dating your food, consuming only your own items, and respecting shared spaces. If you meant something else, please provide more details."
2025-07-08T14:43:33.668730,Final Answer,"The pantry rules typically include keeping the area clean, labeling and dating your food, consuming only your own items, and respecting shared spaces. If you meant something else, please provide more details."
2025-07-08T14:48:42.923795,Final Answer,"The pantry rules are essential for maintaining a clean and respectful shared space. Common rules include cleaning up after use, labeling and dating your food, not consuming others' items without permission, and avoiding strong-smelling foods. If your workplace has specific guidelines, it's a good idea to check with your facilities or HR team for detailed policies."
2025-07-08T14:48:43.614387,Final Answer,"The pantry rules are essential for maintaining a clean and respectful shared space. Common rules include cleaning up after use, labeling and dating your food, not consuming others' items without permission, and avoiding strong-smelling foods. If your workplace has specific guidelines, it's a good idea to check with your facilities or HR team for detailed policies."
2025-07-08T14:48:44.210148,Final Answer,"The pantry rules are essential for maintaining a clean and respectful shared space. Common rules include cleaning up after use, labeling and dating your food, not consuming others' items without permission, and avoiding strong-smelling foods. If your workplace has specific guidelines, it's a good idea to check with your facilities or HR team for detailed policies."
2025-07-08T14:49:21.577777,escalate_to_hr,"The user has reported that their boss touched them, which is a serious workplace issue requiring immediate attention and guidance on appropriate next steps."
2025-07-08T14:49:40.924889,create_meeting_request,Meeting with HR at 6 PM tomorrow to discuss the incident.
2025-07-08T14:49:41.202007,Final Answer,The meeting with HR has been scheduled for 6 PM tomorrow.
2025-07-08T14:49:41.555339,Final Answer,The meeting with HR has been scheduled for 6 PM tomorrow.
2025-07-08T14:54:14.054368,Final Answer,The pantry rules are as follows: 1. Keep the sink area dry after use. 2. Close the bin lid properly after disposal. 3. Clean up the countertops or tables after use. These rules help maintain a clean and hygienic environment for everyone.
2025-07-08T14:54:14.915153,Final Answer,The pantry rules at Verztec are as follows: 1. Keep the sink area dry after use. 2. Close the bin lid properly after disposal. 3. Clean up the countertops or tables after use. These guidelines help maintain a clean and hygienic environment for everyone.
2025-07-08T14:56:55.543288,Final Answer,"The pantry rules at Verztec are designed to maintain a clean and hygienic environment. Please adhere to the following guidelines:

1. Keep the sink area dry after use.
2. Close the bin lid properly after disposal.
3. Clean up the countertops or tables after use.

These rules help ensure the pantry remains clean for everyone."
2025-07-08T14:59:13.106731,Final Answer,"The pantry rules at Verztec are designed to maintain a clean and hygienic environment. Please adhere to the following guidelines:

1. Keep the sink area dry after use.
2. Close the bin lid properly after disposal.
3. Clean up the countertops or tables after use.

These rules help ensure the pantry remains clean and comfortable for everyone."
2025-07-08T15:00:45.532258,Final Answer,"The pantry rules at Verztec are designed to maintain a clean and hygienic environment. Please adhere to the following guidelines:

1. Keep the sink area dry after use.
2. Close the bin lid properly after disposal.
3. Clean up the countertops or tables after use.

These rules help ensure the pantry remains clean and comfortable for everyone."
2025-07-08T15:00:46.525564,Final Answer,"The pantry rules at Verztec are designed to maintain a clean and hygienic environment. Please adhere to the following guidelines:

1. Keep the sink area dry after use.
2. Close the bin lid properly after disposal.
3. Clean up the countertops or tables after use.

These rules help ensure the pantry remains clean and comfortable for everyone."
2025-07-08T15:04:59.415899,Final Answer,"The pantry rules at Verztec are designed to maintain a clean and hygienic environment. Please adhere to the following guidelines:

1. Keep the sink area dry after washing and clean any spills on the water dispenser surface.
2. Dispose of unwanted items and tidy up the fridge.
3. Dispose of leftover food, boxes, and plastic containers outside the office. When using the office bin, close the lid properly after disposal.
4. Clean up the countertops or tables with a damp cloth after your meal.
5. Use the available chopping boards for cutting fruits or other food items, avoiding the kitchen top.

Thank you for your cooperation in keeping the pantry clean and insect-free."
2025-07-08T15:05:00.713997,Final Answer,"The pantry rules at Verztec are designed to maintain a clean and hygienic environment. Please adhere to the following guidelines:

1. Keep the sink area dry after washing and clean any spills on the water dispenser surface.
2. Dispose of unwanted items and tidy up the fridge.
3. Dispose of leftover food, boxes, and plastic containers outside the office. When using the office bin, close the lid properly after disposal.
4. Clean up the countertops or tables with a damp cloth after your meal.
5. Use the available chopping boards for cutting fruits or other food items, avoiding the kitchen top.

Thank you for your cooperation in keeping the pantry clean and insect-free."
2025-07-08T15:05:33.484476,Final Answer,"The pantry rules at Verztec are designed to maintain a clean and hygienic environment. Please adhere to the following guidelines:

1. Keep the sink area dry after washing and clean any spills on the water dispenser surface.
2. Dispose of unwanted items and tidy up the fridge.
3. Dispose of leftover food, boxes, and plastic containers outside the office. When using the office bin, close the lid properly after disposal.
4. Clean up the countertops or tables with a damp cloth after your meal.
5. Use the available chopping boards for cutting fruits or other food items, avoiding the kitchen top.

Thank you for your cooperation in keeping the pantry clean and insect-free."
2025-07-08T15:07:00.249316,Final Answer,"To upload an invoice into the ABSS system, follow these steps:

1. Generate a CSV file from Xtranet containing the invoice data.

2. Convert the CSV file to a text file:
   - Open the CSV file in Excel.
   - Copy all transactions, paste them into Notepad, and save as a .txt file.

3. Prepare for import:
   - Ensure each text file contains no more than 10 invoices. Process in batches if necessary.
   - Backup your ABSS data before proceeding.

4. Import the text file into ABSS:
   - Log into ABSS as a single user.
   - Navigate to File > Import Data > Purchase > Service Purchase.
   - Select the text file and click ""Open.""
   - Auto-filled fields will appear; click ""Import.""

5. Handle import results:
   - After import, check for warnings, such as those related to foreign currency exchange rates.
   - Verify that invoices are correctly imported despite any warnings.

6. Post-import actions:
   - File the hard copy of the invoice in the unpaid creditor file after confirming successful import.

By following these steps, you can efficiently upload invoices into the ABSS system while managing any potential issues."
2025-07-08T15:07:43.051825,Final Answer,"To upload an invoice into the ABSS system, follow these steps:

1. Generate a CSV file from Xtranet containing the invoice data.

2. Convert the CSV file to a text file:
   - Open the CSV file in Excel.
   - Copy all transactions, paste them into Notepad, and save as a .txt file.

3. Prepare for import:
   - Ensure each text file contains no more than 10 invoices. Process in batches if necessary.
   - Backup your ABSS data before proceeding.

4. Import the text file into ABSS:
   - Log into ABSS as a single user.
   - Navigate to File > Import Data > Purchase > Service Purchase.
   - Select the text file and click ""Open.""
   - Auto-filled fields will appear; click ""Import.""

5. Handle import results:
   - After import, check for warnings, such as those related to foreign currency exchange rates.
   - Verify that invoices are correctly imported despite any warnings.

6. Post-import actions:
   - File the hard copy of the invoice in the unpaid creditor file after confirming successful import.

By following these steps, you can efficiently upload invoices into the ABSS system while managing any potential issues."
2025-07-08T15:25:10.449484,Final Answer,"The pantry rules at Verztec are designed to maintain a clean and hygienic environment. Here's a summary of the guidelines:

1. **Cleanliness and Consideration**: Keep the sink area dry after washing and clean the water dispenser if you spill coffee or tea.

2. **Fridge Etiquette**: Dispose of unwanted items and tidy up the fridge. Label your food with dates to avoid confusion.

3. **Disposal of Waste**: Dispose of leftovers, boxes, and plastic containers outside the office. Use the office bin with the lid closed properly.

4. **Countertop Maintenance**: After eating, clean the countertops or tables with a damp cloth.

5. **Food Preparation**: Use chopping boards for cutting fruits or other food items to protect the kitchen surfaces.

By following these rules, we help maintain a clean and pleasant pantry area for everyone."
2025-07-08T15:25:36.141585,Final Answer,"The pantry rules at Verztec are designed to maintain a clean and hygienic environment. Here's a summary of the guidelines:

1. **Cleanliness and Consideration**: Keep the sink area dry after washing and clean the water dispenser if you spill coffee or tea.

2. **Fridge Etiquette**: Dispose of unwanted items and tidy up the fridge. Label your food with dates to avoid confusion.

3. **Disposal of Waste**: Dispose of leftovers, boxes, and plastic containers outside the office. Use the office bin with the lid closed properly.

4. **Countertop Maintenance**: After eating, clean the countertops or tables with a damp cloth.

5. **Food Preparation**: Use chopping boards for cutting fruits or other food items to protect the kitchen surfaces.

By following these rules, we help maintain a clean and pleasant pantry area for everyone."
2025-07-08T15:25:49.487330,escalate_to_hr,"The user reported that their boss touched them, which may indicate harassment or inappropriate behavior. This issue needs to be escalated to HR for further investigation and appropriate action."
2025-07-08T15:25:54.488273,Final Answer,Your concern has been escalated to HR. They will investigate and address the issue appropriately. Please await further communication from HR regarding this matter.
2025-07-08T15:39:00.879438,Final Answer,"The pantry rules at Verztec are designed to maintain a clean and hygienic environment. Here are the key guidelines:

1. After washing, keep the sink area dry and clean any spills on the water dispenser.
2. Dispose of unwanted items and keep the fridge tidy.
3. Dispose of leftovers and containers outside the office, and ensure the bin lid is closed properly.
4. Clean countertops and tables with a damp cloth after meals.
5. Use the provided chopping boards for cutting food instead of the kitchen top.

By following these rules, we can all contribute to a clean and insect-free pantry environment."
2025-07-08T15:39:02.895005,Final Answer,"The pantry rules at Verztec are designed to maintain a clean and hygienic environment. Here are the key guidelines:

1. After washing, keep the sink area dry and clean any spills on the water dispenser.
2. Dispose of unwanted items and keep the fridge tidy.
3. Dispose of leftovers and containers outside the office, and ensure the bin lid is closed properly.
4. Clean countertops and tables with a damp cloth after meals.
5. Use the provided chopping boards for cutting food instead of the kitchen top.

By following these rules, we can all contribute to a clean and insect-free pantry environment."
2025-07-08T15:39:51.039717,Final Answer,"The pantry rules at Verztec are as follows:  
1. Keep the sink area dry and clean up spills on the water dispenser.  
2. Dispose of unwanted items and tidy up the fridge.  
3. Dispose of leftovers and containers outside, and close the bin lid properly.  
4. Clean countertops with a damp cloth after use.  
5. Use chopping boards for cutting food instead of the kitchen top.  

These rules help maintain a clean and hygienic environment."
2025-07-08T15:40:02.022847,Final Answer,Could you please clarify your request so I can assist you better?
2025-07-08T15:40:02.625319,Final Answer,Could you please clarify your request so I can assist you better?
2025-07-08T15:40:13.194693,Final Answer,Could you please clarify your request so I can assist you better?
2025-07-08T15:40:54.965009,Final Answer,Could you please clarify your request so I can assist you better?
2025-07-08T15:40:55.248561,Final Answer,Could you please clarify your request so I can assist you better?
2025-07-08T15:40:55.916660,Final Answer,Could you please clarify your request so I can assist you better?
2025-07-08T15:41:31.779268,Final Answer,It seems like your message might be a typo or random input. Could you please clarify or provide more details about your question or request? I'm here to help!
2025-07-08T15:41:32.251594,Final Answer,It seems like your message might be a typo or random input. Could you please clarify or provide more details about your question or request? I'm here to help!
2025-07-08T15:42:06.549901,escalate_to_hr,The user reports that a colleague physically assaulted them by hitting their face. This is a serious workplace issue that requires immediate attention from HR.
2025-07-08T15:42:07.187672,Final Answer,"Your concern has been escalated to HR, and they will address the situation appropriately."
2025-07-08T15:42:07.842753,Final Answer,"Your concern has been escalated to HR, and they will address the situation appropriately."
2025-07-08T15:48:24.619606,escalate_to_hr,A serious workplace incident has been reported where a colleague physically assaulted another employee. This needs immediate attention and investigation.
2025-07-08T15:48:28.477520,Final Answer,"Your concern has been escalated to HR, and they will address the situation appropriately. Please contact HR directly for any further assistance or updates."
2025-07-08T15:48:28.817697,Final Answer,"Your concern has been escalated to HR, and they will address the situation appropriately. Please contact HR directly for any further assistance or updates."
2025-07-08T16:01:45.286190,faiss_search,pantry rules
2025-07-08T16:02:03.111143,faiss_search,pantry rules
2025-07-08T16:02:07.385762,faiss_search,pantry rules
2025-07-08T16:03:38.805278,faiss_search,What are the pantry rules?
2025-07-08T16:03:39.515388,Final Answer,"The pantry rules at Verztec are as follows:  
1. Keep the sink area clean and dry after washing.  
2. Clean the water dispenser surface if you spill coffee or tea on it.  
3. Dispose of any unwanted items and keep the fridge tidy.  
4. Dispose of leftover food, boxes, and plastic containers outside the office.  

These rules help maintain a clean and hygienic environment for everyone. If you have any further questions, feel free to ask!"
2025-07-08T16:06:55.394114,faiss_search,pantry rules
2025-07-08T16:06:56.844158,escalate_to_hr,"The user is asking about the pantry rules, but the knowledge base search did not provide relevant information."
2025-07-08T16:06:57.708029,Final Answer,"I'm sorry, the knowledge base did not provide specific information about the pantry rules. I've escalated your request to HR, and they will provide you with the relevant details shortly."
2025-07-08T16:08:37.076537,faiss_search,pantry rules
2025-07-08T16:08:38.006242,Final Answer,"The pantry rules at Verztec include: 1) Cleaning up after use, 2) Labeling and dating personal items, 3) Not storing perishables, 4) Respecting common areas, and 5) Proper disposal of waste. Please refer to the full document for details."
2025-07-08T16:13:19.528791,faiss_search,pantry rules
2025-07-08T16:13:21.188007,Final Answer,"Here are the detailed pantry rules at Verztec to help maintain a clean and hygienic environment for everyone:

1. **Clean Up After Use:** Please ensure the sink area is dry after washing and clean any spills on the water dispenser surface.

2. **Dispose of Waste Properly:** Dispose of unwanted items and keep the fridge tidy. Place leftover food, boxes, and plastic containers in the appropriate bins outside the office. Always close the lid properly after disposal.

3. **Clean Countertops and Tables:** After having your meal in the office, clean the countertops or tables with a damp cloth to maintain a tidy space.

4. **Use Chopping Boards:** Avoid cutting fruits or other food items directly on the kitchen top. Instead, use the provided chopping boards to prevent damage and maintain cleanliness.

5. **General Consideration:** Be considerate of your colleagues by keeping the pantry area clean and organized.

These rules are in place to ensure a pleasant and sanitary environment for everyone. If you have any further questions or need more details, feel free to ask!"
2025-07-08T16:13:22.592830,Final Answer,"Here are the detailed pantry rules at Verztec to help maintain a clean and hygienic environment for everyone:

1. **Clean Up After Use:** Please ensure the sink area is dry after washing and clean any spills on the water dispenser surface.

2. **Dispose of Waste Properly:** Dispose of unwanted items and keep the fridge tidy. Place leftover food, boxes, and plastic containers in the appropriate bins outside the office. Always close the lid properly after disposal.

3. **Clean Countertops and Tables:** After having your meal in the office, clean the countertops or tables with a damp cloth to maintain a tidy space.

4. **Use Chopping Boards:** Avoid cutting fruits or other food items directly on the kitchen top. Instead, use the provided chopping boards to prevent damage and maintain cleanliness.

5. **General Consideration:** Be considerate of your colleagues by keeping the pantry area clean and organized.

These rules are in place to ensure a pleasant and sanitary environment for everyone. If you have any further questions or need more details, feel free to ask!"
2025-07-08T16:13:40.623267,Final Answer,"I'm sorry, but I couldn't find specific instructions on how to upload an invoice into the ABSS system. For detailed guidance, I recommend reaching out to the finance department or your supervisor. They can provide the most accurate and up-to-date information. If you have any more questions or need further assistance, feel free to ask!"
2025-07-08T16:17:22.011044,faiss_search,"ABSS invoice upload procedure"""
2025-07-08T16:17:28.659303,faiss_search,"ABSS invoice upload procedure"""
2025-07-08T16:18:08.583946,faiss_search,"ABSS system invoice upload procedure"""
2025-07-08T16:18:10.057557,Final Answer,"Here's a step-by-step guide to uploading an invoice into the ABSS system based on the knowledge base:  
1. **Generate CSV File**: Create a CSV file containing the invoice details from Xtranet. Ensure the file includes all necessary fields such as invoice number, date, amount, and supplier information.  
2. **Convert to Text Format**: Convert the CSV file to a text file to ensure compatibility with the ABSS import feature.  
3. **Access ABSS Purchase Module**: Log into the ABSS system and navigate to the Purchase Transaction Module.  
4. **Import Data**: Use the import function within the Purchase Transaction Module to upload the text file. Follow the on-screen instructions to map the fields correctly.  
5. **Review and Verify**: After import, review the invoices to ensure all data is accurate and complete. Address any errors or missing information.  
6. **Process Invoices**: Once verified, process the invoices according to your company's accounting procedures.  

If you encounter any issues, contact the finance department or your supervisor for further assistance."
2025-07-08T16:18:10.876041,Final Answer,"If you have any further questions or need additional help, feel free to ask!"
2025-07-08T16:18:50.413957,faiss_search,What are the pantry rules?
2025-07-08T16:18:52.902410,Final Answer,"Of course! Here are the step-by-step guidelines for the pantry rules at Verztec:

1. **Clean Up After Use:**  
   - Always wipe down any surfaces you've used, including countertops and sinks.
   - Dispose of any trash or food waste properly in the designated bins.

2. **Label Your Food:**  
   - If you bring personal food items, please label them with your name and the date to avoid confusion or accidental disposal.

3. **Respect Shared Spaces:**  
   - Be mindful of others' food and belongings. If you borrow something, please return it promptly.

4. **Expiration Dates:**  
   - Check the expiration dates of your stored items regularly. Expired items should be disposed of to maintain hygiene.

5. **Shared Items:**  
   - Common items like milk or condiments are shared among everyone. Please use them responsibly.

6. **Disposal Guidelines:**  
   - Ensure all trash is disposed of correctly, using the appropriate bins for recyclables and general waste.

If you have any further questions or need additional assistance, feel free to ask!"
2025-07-08T16:18:54.645087,Final Answer,"Of course! Here are the step-by-step guidelines for the pantry rules at Verztec:

1. **Clean Up After Use:**  
   - Always wipe down any surfaces you've used, including countertops and sinks.
   - Dispose of any trash or food waste properly in the designated bins.

2. **Label Your Food:**  
   - If you bring personal food items, please label them with your name and the date to avoid confusion or accidental disposal.

3. **Respect Shared Spaces:**  
   - Be mindful of others' food and belongings. If you borrow something, please return it promptly.

4. **Expiration Dates:**  
   - Check the expiration dates of your stored items regularly. Expired items should be disposed of to maintain hygiene.

5. **Shared Items:**  
   - Common items like milk or condiments are shared among everyone. Please use them responsibly.

6. **Disposal Guidelines:**  
   - Ensure all trash is disposed of correctly, using the appropriate bins for recyclables and general waste.

If you have any further questions or need additional assistance, feel free to ask!"
2025-07-08T16:38:53.014670,faiss_search,pantry rules
2025-07-08T16:38:54.987283,Final Answer,"Dear [User],

Thank you for your inquiry about the pantry rules. Below are the detailed guidelines to ensure a clean and comfortable environment for everyone:

1. **Cleanliness**: Always clean up after using the pantry, including the sink area, and ensure it is dry to prevent water spots.

2. **Food Disposal**: Properly dispose of food waste in the designated bins to maintain hygiene.

3. **Use of Utensils**: Use chopping boards when preparing food to protect surfaces and maintain cleanliness.

4. **Consideration**: Be mindful of your colleagues and avoid strong-smelling foods that might cause discomfort.

5. **Labeling**: Label your food with your name and date to avoid confusion and ensure it is not discarded.

6. **Respect Shared Space**: Keep the pantry tidy and report any maintenance issues to the facilities team promptly.

These rules are outlined in the ""Verztec Pantry Rules 060715"" document, section 1.2. If you have further questions, please don't hesitate to reach out.

Best regards,  
[Your Name]  
Verztec AI Assistant"
2025-07-08T16:38:56.344038,Final Answer,"Dear [User],

Thank you for your inquiry about the pantry rules. Below are the detailed guidelines to ensure a clean and comfortable environment for everyone:

1. **Cleanliness**: Always clean up after using the pantry, including the sink area, and ensure it is dry to prevent water spots.

2. **Food Disposal**: Properly dispose of food waste in the designated bins to maintain hygiene.

3. **Use of Utensils**: Use chopping boards when preparing food to protect surfaces and maintain cleanliness.

4. **Consideration**: Be mindful of your colleagues and avoid strong-smelling foods that might cause discomfort.

5. **Labeling**: Label your food with your name and date to avoid confusion and ensure it is not discarded.

6. **Respect Shared Space**: Keep the pantry tidy and report any maintenance issues to the facilities team promptly.

These rules are outlined in the ""Verztec Pantry Rules 060715"" document, section 1.2. If you have further questions, please don't hesitate to reach out.

Best regards,  
[Your Name]  
Verztec AI Assistant"
2025-07-08T16:58:57.265239,faiss_search,pantry rules
2025-07-08T16:58:59.568250,Final Answer,"Dear [User's Name],

Thank you for reaching out. Below are the pantry rules to ensure a clean and comfortable environment for everyone:

1. **Clean Up After Use**: Please clean and dry the sink area after washing dishes. Wipe down any surfaces, such as the water dispenser, if you spill anything.

2. **Dispose of Waste Properly**: Dispose of unwanted food items and keep the fridge tidy. When using the office bins, make sure to close the lids properly after disposal.

3. **Use Chopping Boards**: Avoid cutting fruits or other food items directly on the kitchen counters. Instead, use the provided chopping boards to maintain hygiene and prevent damage to the surfaces.

4. **Maintain Cleanliness**: After eating in the office, clean the countertops or tables with a damp cloth to keep the area tidy.

5. **Respect Shared Spaces**: Be considerate of your colleagues by keeping the pantry area clean and organized. This includes not storing personal food items in the refrigerator beyond your tenure.

If you have any further questions or need clarification on any of these rules, please don't hesitate to reach out or refer to the Verztec intranet for more detailed guidelines.

Best regards,  
[Your Name]  
[Your Position]"
2025-07-08T16:59:00.841650,Final Answer,"Dear [User's Name],

Thank you for reaching out. Below are the pantry rules to ensure a clean and comfortable environment for everyone:

1. **Clean Up After Use**: Please clean and dry the sink area after washing dishes. Wipe down any surfaces, such as the water dispenser, if you spill anything.

2. **Dispose of Waste Properly**: Dispose of unwanted food items and keep the fridge tidy. When using the office bins, make sure to close the lids properly after disposal.

3. **Use Chopping Boards**: Avoid cutting fruits or other food items directly on the kitchen counters. Instead, use the provided chopping boards to maintain hygiene and prevent damage to the surfaces.

4. **Maintain Cleanliness**: After eating in the office, clean the countertops or tables with a damp cloth to keep the area tidy.

5. **Respect Shared Spaces**: Be considerate of your colleagues by keeping the pantry area clean and organized. This includes not storing personal food items in the refrigerator beyond your tenure.

If you have any further questions or need clarification on any of these rules, please don't hesitate to reach out or refer to the Verztec intranet for more detailed guidelines.

Best regards,  
[Your Name]  
[Your Position]"
2025-07-08T17:10:19.174008,faiss_search,pantry rules
2025-07-08T17:10:21.332865,Final Answer,"Sure, I can help you with that! Based on the information from our knowledge base, here are the pantry rules to keep our space clean and hygienic:

1. **Cleanliness:** After using the sink, please keep the area dry and clean any spills on the water dispenser.
2. **Food Disposal:** Dispose of any unwanted items properly. Tidy up the fridge and throw away leftover food, boxes, or plastic containers outside the office. When using the office bin, make sure to close the lid properly after disposal.
3. **Countertops:** After eating, clean the countertops or tables with a damp cloth to keep the area tidy.
4. **Chopping Boards:** Please use the available chopping boards for cutting fruits or other food items instead of cutting directly on the kitchen top.

These guidelines help maintain a clean and insect-free pantry environment. If you have any further questions, feel free to ask!"
2025-07-08T17:10:22.538822,Final Answer,"Sure, I can help you with that! Based on the information from our knowledge base, here are the pantry rules to keep our space clean and hygienic:

1. **Cleanliness:** After using the sink, please keep the area dry and clean any spills on the water dispenser.
2. **Food Disposal:** Dispose of any unwanted items properly. Tidy up the fridge and throw away leftover food, boxes, or plastic containers outside the office. When using the office bin, make sure to close the lid properly after disposal.
3. **Countertops:** After eating, clean the countertops or tables with a damp cloth to keep the area tidy.
4. **Chopping Boards:** Please use the available chopping boards for cutting fruits or other food items instead of cutting directly on the kitchen top.

These guidelines help maintain a clean and insect-free pantry environment. If you have any further questions, feel free to ask!"
2025-07-08T17:14:51.028688,faiss_search,pantry rules
2025-07-08T17:14:52.832600,Final Answer,"Sure, here are the pantry rules to help keep our space clean and organized:

1. **Cleanliness:** Please clean up after using the sink and dry the area. If you spill coffee or tea on the water dispenser, wipe it down.

2. **Food Disposal:** Dispose of any unwanted food items properly. Remove leftover food, boxes, or plastic containers from the office. When using the office bin, make sure to close the lid tightly after disposal.

3. **Fridge Clean-Up:** Regularly check and remove your stored food and drinks from the fridge, especially if you're offboarding or leaving the company.

4. **Chopping Boards:** Always use the provided chopping boards when cutting fruits or other food items. Avoid cutting directly on the kitchen counters.

5. **Countertops:** After eating, clean the countertops or tables with a damp cloth to maintain a tidy and hygienic environment.

By following these guidelines, we can all contribute to a clean and insect-free pantry. If you have any questions or need further clarification, feel free to ask!"
2025-07-08T17:41:04.740156,Final Answer,"The pantry rules are designed to keep our space clean and organized. Here they are again for your reference:

1. **Cleanliness:** Clean up after using the sink and wipe down any spills on the water dispenser.
2. **Food Disposal:** Dispose of unwanted food properly and close the bin lid tightly.
3. **Fridge Clean-Up:** Regularly remove your stored food, especially when leaving the company.
4. **Chopping Boards:** Use the provided boards to avoid cutting on countertops.
5. **Countertops:** Clean them with a damp cloth after eating.

Let me know if you need more details!"
2025-07-08T17:41:06.471193,Final Answer,"The pantry rules are designed to keep our space clean and organized. Here they are again for your reference:

1. **Cleanliness:** Clean up after using the sink and wipe down any spills on the water dispenser.
2. **Food Disposal:** Dispose of unwanted food properly and close the bin lid tightly.
3. **Fridge Clean-Up:** Regularly remove your stored food, especially when leaving the company.
4. **Chopping Boards:** Use the provided boards to avoid cutting on countertops.
5. **Countertops:** Clean them with a damp cloth after eating.

Let me know if you need more details!"
2025-07-08T17:41:21.552514,faiss_search,pantry rules
2025-07-08T17:41:25.154469,Final Answer,"Here are the pantry rules to help maintain a clean and considerate environment for everyone:

1. **Clean Up After Use**: Always clean the sink area and dry it after washing. If you spill coffee or tea, wipe the surface clean.
2. **Dispose of Waste Properly**: Throw away any unwanted items and keep the fridge tidy. Dispose of leftover food and containers outside the office, and ensure the bin lid is closed after use.
3. **Use Chopping Boards**: Avoid cutting fruits or other food directly on the kitchen counters. Instead, use the provided chopping boards.
4. **Respect Shared Space**: Be considerate of others by tidying up the countertops or tables after your meal.
5. **No Personal Storage**: Do not store personal items in the pantry. Take home any food or drinks you've stored by the end of your workday.

By following these guidelines, we can keep the pantry clean and hygienic for everyone."
2025-07-08T17:41:58.588900,Final Answer,"Here are the pantry rules to help maintain a clean and considerate environment for everyone:

1. **Clean Up After Use**: Always clean the sink area and dry it after washing. If you spill coffee or tea, wipe the surface clean.
2. **Dispose of Waste Properly**: Throw away any unwanted items and keep the fridge tidy. Dispose of leftover food and containers outside the office, and ensure the bin lid is closed after use.
3. **Use Chopping Boards**: Avoid cutting fruits or other food directly on the kitchen counters. Instead, use the provided chopping boards.
4. **Respect Shared Space**: Be considerate of others by tidying up the countertops or tables after your meal.
5. **No Personal Storage**: Do not store personal items in the pantry. Take home any food or drinks you've stored by the end of your workday.

By following these guidelines, we can keep the pantry clean and hygienic for everyone."
2025-07-08T17:43:35.597332,faiss_search,pantry rules
2025-07-08T17:46:12.556276,faiss_search,pantry rules
2025-07-08T17:46:14.860374,Final Answer,"The pantry rules are designed to maintain a clean and organized environment. Here's a quick summary of the key guidelines:

1. **Cleanliness**: Always clean up after using the sink or any area, and ensure the sink is dry afterward.
2. **Food Disposal**: Dispose of unwanted food items properly. Do not leave leftovers in the office; if using the bin, close the lid.
3. **Chopping Boards**: Use the provided chopping boards for cutting fruits or other food items instead of cutting directly on the countertops.
4. **Tidiness**: Keep the pantry area tidy, including the fridge and countertops. Clean any spills immediately.

Remember, these rules help maintain a hygienic environment and prevent pest issues. If you have more questions, feel free to ask!"
2025-07-08T17:46:16.285354,Final Answer,"The pantry rules are designed to maintain a clean and organized environment. Here's a quick summary of the key guidelines:

1. **Cleanliness**: Always clean up after using the sink or any area, and ensure the sink is dry afterward.
2. **Food Disposal**: Dispose of unwanted food items properly. Do not leave leftovers in the office; if using the bin, close the lid.
3. **Chopping Boards**: Use the provided chopping boards for cutting fruits or other food items instead of cutting directly on the countertops.
4. **Tidiness**: Keep the pantry area tidy, including the fridge and countertops. Clean any spills immediately.

Remember, these rules help maintain a hygienic environment and prevent pest issues. If you have more questions, feel free to ask!"
2025-07-08T17:53:28.694578,Final Answer,"To upload an invoice into the ABSS system, follow these steps:

1. Log in to the ABSS system using your credentials.
2. Navigate to the ""Purchases"" or ""Accounts Payable"" module.
3. Click on ""Upload Invoice"" or a similar option.
4. Select the invoice file, ensuring it's in a supported format like PDF or JPG.
5. Fill in the required details accurately, such as invoice number, date, amount, and vendor information.
6. Proceed to upload the invoice and wait for confirmation.
7. Add any necessary notes or comments.
8. Verify the upload by checking the list of invoices.

If you encounter any issues, refer to the ABSS user guide or contact the finance team for assistance."
2025-07-08T17:56:00.934319,faiss_search,ABSS invoice upload steps
2025-07-08T17:56:03.512150,Final Answer,"Sure, I can help you with that! To upload an invoice into the ABSS system, follow these step-by-step instructions:

1. **Log in to ABSS**: Open the ABSS software and log in using your credentials.

2. **Navigate to the Purchase Module**: Once logged in, go to the ""Purchase"" module, which is where you'll manage invoices.

3. **Select Import Data Option**: Within the Purchase module, look for the ""File"" menu at the top. Click on ""Import Data"" to access the import options.

4. **Choose the Correct Import Type**: From the import options, select ""Service Purchase"" to import your invoice.

5. **Prepare Your Invoice File**: Ensure your invoice is saved as a text file. It's crucial that the file format matches what ABSS expects, typically with specific columns for invoice number, date, amount, etc.

6. **Import the Invoice**: After selecting ""Service Purchase,"" a window will prompt you to choose your text file. Locate and select the prepared invoice file.

7. **Map the Fields**: The system will automatically map the fields from your file. Review the mappings to ensure everything aligns correctly. If needed, adjust the field mappings.

8. **Complete the Import**: Once satisfied with the field mappings, click ""Import"" to upload the invoice into the system.

9. **Review and Verify**: After the import is complete, review the uploaded invoice to ensure all details are accurate and correctly recorded.

If you encounter any issues during the process, consider reaching out to your supervisor or the finance department for assistance."
2025-07-08T17:56:05.977690,Final Answer,"Sure, I can help you with that! To upload an invoice into the ABSS system, follow these step-by-step instructions:

1. **Log in to ABSS**: Open the ABSS software and log in using your credentials.

2. **Navigate to the Purchase Module**: Once logged in, go to the ""Purchase"" module, which is where you'll manage invoices.

3. **Select Import Data Option**: Within the Purchase module, look for the ""File"" menu at the top. Click on ""Import Data"" to access the import options.

4. **Choose the Correct Import Type**: From the import options, select ""Service Purchase"" to import your invoice.

5. **Prepare Your Invoice File**: Ensure your invoice is saved as a text file. It's crucial that the file format matches what ABSS expects, typically with specific columns for invoice number, date, amount, etc.

6. **Import the Invoice**: After selecting ""Service Purchase,"" a window will prompt you to choose your text file. Locate and select the prepared invoice file.

7. **Map the Fields**: The system will automatically map the fields from your file. Review the mappings to ensure everything aligns correctly. If needed, adjust the field mappings.

8. **Complete the Import**: Once satisfied with the field mappings, click ""Import"" to upload the invoice into the system.

9. **Review and Verify**: After the import is complete, review the uploaded invoice to ensure all details are accurate and correctly recorded.

If you encounter any issues during the process, consider reaching out to your supervisor or the finance department for assistance."
2025-07-08T17:56:40.313421,Final Answer,"I'm glad you found the previous information helpful! However, I'm unable to assist with directions to Bishan Park as it's outside my scope. You can easily find directions using a mapping app like Google Maps, or you can ask someone nearby for assistance. Let me know if you need help with anything else!"
2025-07-08T17:56:51.690804,Final Answer,"I'm glad you found the previous information helpful! However, I'm unable to assist with directions to Bishan Park as it's outside my scope. You can easily find directions using a mapping app like Google Maps, or you can ask someone nearby for assistance. Let me know if you need help with anything else!"
